feature,importance
PM2_5,0.3434496001773646
PM10,0.30572344813344027
NO2,0.1416121340766238
Industrial_Area,0.060929911918238114
SO2,0.031267952271391314
Wind_Speed,0.02253449367012586
CO,0.020020780812305624
Temperature,0.017996874566068456
Humidity,0.014578510516377844
O3,0.011931152024427157
Pressure,0.00783592097078283
Hour,0.0069213205494457475
Traffic_Density,0.0061544585489399905
Month,0.005923473206213527
City,0.003119968558254876
